,genre,track_name,artist,track_id,acousticness,danceability,energy,instrumentalness,key,liveness,loudness,mode,speechiness,tempo,time_signature,valence
1,eerie,Persephone,Tamino,3Ot8c1sAmARXl31ZckeMDR,0.739,0.442,0.233,0.000168,0,0.113,-13.656,0,0.0315,123.642,4,0.147
2,eerie,Indigo Night,Tamino,4Sf5gXjMvciYzNGSrQx7BK,0.612,0.54,0.33,0.0961,3,0.106,-10.757,0,0.0324,111.827,4,0.164
3,eerie,no turning back,Koda,0I1NIj3YZVJHv92HVG0aIV,0.0425,0.512,0.279,0.0032,4,0.102,-9.442,0,0.0303,107.788,4,0.0504
4,eerie,Breezeblocks,alt-J,3n69hLUdIsSa1WlRmjMZlW,0.096,0.616,0.656,0.000879,5,0.205,-7.298,1,0.0344,150.071,4,0.286
5,eerie,Twilight,Midnight Syndicate,3cKLaUSHmIW66lbEkpGDTX,0.713,0.219,0.213,0.951,0,0.101,-21.443,1,0.0426,72.105,4,0.0366
6,eerie,Let Me Follow,Son Lux,4mBA0FHbLRbGXAqQJBepUb,0.765,0.484,0.218,0.0304,8,0.11,-13.423,0,0.0305,87.983,4,0.128
7,eerie,A Different Kind of Love,Son Lux,4Adp5ixl3CJLBkCxGZWGUC,0.299,0.442,0.223,0.34,11,0.102,-13.552,0,0.0314,80.081,4,0.13
8,gritty,Molecules (Lucrecia Dalt Rework),Son Lux,441TUCOSya3kCQR1yeBxqH,0.722,0.48,0.353,0.66,1,0.11,-12.819,1,0.0869,118.667,1,0.491
9,gritty,white dove,Koda,1oXaJxH9fv7dReSU99RPhg,0.54,0.659,0.507,0,9,0.0885,-9.737,1,0.0482,111.981,4,0.292
10,gritty,Running Up That Hill,Placebo,6RHHbAbyIcPpvS1dP3KUGq,0.269,0.45,0.356,0.515,10,0.0944,-13.692,0,0.0337,179.937,4,0.0839
11,gritty,Pet Cheetah,Twenty One Pilots,7daBwTiPNOVgoMUG4SICgh,0.0615,0.653,0.684,0.000387,7,0.27,-7.052,0,0.199,110.049,4,0.355
12,gritty,Go It Alone,Beck,7zeCIWu37bKFJuem8MTyM1,0.557,0.869,0.393,0.557,1,0.105,-10.438,1,0.0564,149.953,4,0.519
13,gritty,New Religion,Migrant Motel,2J4QIV77CWoIWN6IY2u6pC,0.00159,0.572,0.405,0.00102,1,0.091,-8.906,1,0.025,72.981,4,0.399
14,gritty,Bishop,KXNG Crooked,1FKJs710WCc0ke0oPlwVOp,0.0621,0.675,0.852,0,4,0.0743,-7.052,0,0.442,91.036,4,0.675
15,gritty,MADARA,Free Flow Flava,6Q1xNxPaRewcWICHQXcdfH,0.00829,0.738,0.843,0.869,10,0.181,-4.23,0,0.0292,110.005,4,0.444
16,melancholy,flower,TK from Ling tosite sigure,0bPP8TKUIto1T9CAIoHONw,0.00313,0.321,0.914,0.00978,11,0.162,-4.84,0,0.0987,135.33,4,0.454
17,melancholy,unravel,TK from Ling tosite sigure,1rN9QoVxw5U7TJkyaUR8C1,0.0495,0.508,0.889,0,7,0.0984,-2.755,0,0.0862,135.014,4,0.332
18,melancholy,Victor's Piano Solo,Various Artists,1fvRueeK5f60hkG1VzoXXq,0.983,0.41,0.0262,0.925,1,0.123,-26.593,0,0.0384,142.138,3,0.237
19,melancholy,Youth,Daughter,4AmcmraFjVzFb9SQDNTRyl,0.887,0.4,0.525,0.00543,0,0.117,-11.294,1,0.0435,146.977,4,0.408
20,melancholy,How,Daughter,15Ax8eHs3aH9MCFcIERDp8,0.314,0.284,0.617,0.12,2,0.185,-7.95,1,0.0355,160.113,4,0.287
21,melancholy,hollow,sød ven,2v4lwSzPGMG2G8DOLSinuK,0.814,0.512,0.446,0.626,2,0.16,-12.851,1,0.0247,90.002,4,0.167
22,melancholy,Haven't Told You,Quiet Houses,3C3YNkWdulBcyKGShi0v8q,0.941,0.398,0.44,0.00578,1,0.444,-9.992,1,0.0299,81.991,4,0.161
23,melancholy,Apocalypse,Cigarettes After Sex,0yc6Gst2xkRu0eMLeRMGCX,0.0205,0.37,0.467,0.572,5,0.109,-9.013,1,0.0273,94.485,4,0.182
24,peaceful,Verses,Tamino,7mcM8OVEmqyTbUvO1in0oZ,0.873,0.376,0.318,0.0402,4,0.112,-11.306,1,0.0339,173.964,5,0.417
25,peaceful,River Flows in You,Yiruma,3xr8COed4nPPn6XWZ0iCGr,0.968,0.287,0.292,0.978,9,0.09,-19.285,1,0.0541,145.703,4,0.346
26,peaceful,Like Real People Do,Hozier,7K6LFPfjdnN6QqvGzhvpRO,0.921,0.54,0.178,0.377,7,0.106,-14.33,1,0.0308,139.941,3,0.145
27,peaceful,Strange Darling,Miya Folick,3pGTGFLKTGFOLArMq3H9jE,0.77,0.583,0.293,0.0183,4,0.0914,-14.522,0,0.0366,131.948,4,0.145
28,peaceful,reverie,isaac gracie,1g2eirb8uaYn54iEYZl3CS,0.831,0.282,0.244,0.786,8,0.109,-11.159,1,0.0281,154.499,3,0.0705
29,peaceful,Japanese Denim,Daniel Caesar,1boXOL0ua7N2iCOUVI1p9F,0.0905,0.707,0.238,2.42E-06,3,0.0842,-8.818,1,0.0379,124.156,3,0.345
30,peaceful,Autumn Leaves - Deluxe Edition,Ed Sheeran,7iBSkXB0pTvZasOLf0Qxk9,0.892,0.555,0.257,1.42E-06,10,0.124,-12.637,1,0.0299,89.013,4,0.431
31,hopeful,Lost It To Trying,Son Lux,4kP7BPJ1d3WUGhykQBVEjH,0.0822,0.439,0.833,0.0427,4,0.0691,-6.903,0,0.0817,160.001,4,0.274
32,hopeful,Wash.,Bon Iver,3g9mw4A8vdljOKgwrit88g,0.99,0.31,0.146,0.261,0,0.076,-19.278,1,0.0303,162.831,3,0.333
33,hopeful,Shrike,Hozier,5uIYONgpUQ7t0v7D6CTMBt,0.464,0.387,0.278,0.00527,7,0.102,-8.454,0,0.0318,153.426,3,0.0632
34,hopeful,I Lived,OneRepublic,7D49Iig0avHre9RFSUMkd2,0.0746,0.599,0.854,0,9,0.278,-5.429,1,0.0436,119.986,4,0.311
35,hopeful,Your Love Is an Island,Talos,79irqIr5JmGSHeLtu8tntd,0.789,0.366,0.252,8.45E-05,0,0.082,-12.223,1,0.0398,97.633,3,0.131
36,hopeful,On Top Of The World,Imagine Dragons,6KuHjfXHkfnIjdmcIvt9r0,0.0893,0.635,0.926,4.53E-06,0,0.0928,-5.589,1,0.151,100.048,4,0.761
37,hopeful,Dreaming,Smallpools,6cMswWRv4lAU3mh5lclgCc,0.000478,0.612,0.89,0,10,0.0672,-2.827,0,0.047,118.989,4,0.886
38,hopeful,Rewrite The Stars,Zac Efron,630sXRhIcfwr2e4RdNtjKN,0.0716,0.684,0.619,0,10,0.122,-7.005,1,0.0386,125.046,4,0.284
39,hopeful,Cornfield Chase,Hans Zimmer,6pWgRkpqVfxnj3WuIcJ7WP,0.951,0.18,0.226,0.982,9,0.0998,-16.457,0,0.042,94.079,4,0.048
40,adventure,Cornfield Chase,Hans Zimmer,6pWgRkpqVfxnj3WuIcJ7WP,0.951,0.18,0.226,0.982,9,0.0998,-16.457,0,0.042,94.079,4,0.048
41,adventure,Across The Desert,James Newton Howard,3cYae8wCFw8T2j1sTw04gj,0.114,0.49,0.42,0.65,9,0.067,-18.199,0,0.053,93.043,4,0.0633
42,adventure,Will And Elizabeth,Various Artists,2CVPSrJEWFbdtZysiAC9bO,0.219,0.465,0.657,0.959,2,0.349,-9.252,1,0.0331,180.047,3,0.293
43,adventure,Roaming The Wild,Martin Egger,0dJDJQuaPaHrTCnU975oVb,0.745,0.149,0.237,0.901,0,0.084,-12.577,1,0.0382,136.915,5,0.0396
44,adventure,"Time traveling, Kagome",Kaoru Wada,2gCyJ1tPvAR85o1M3X9FxA,0.94,0.186,0.278,0.975,9,0.0974,-13.704,0,0.0438,83.522,4,0.115
45,adventure,Yourouzoku Koga,Kaoru Wada,0DleZw1u3Tj13174MvwhFr,0.0196,0.392,0.474,0.649,2,0.191,-10.207,1,0.0316,131.801,4,0.308
46,adventure,Sunday On The West Side,Push Kings,4ac9hiXX0NXsBrecSvIvli,0.253,0.532,0.689,0,0,0.329,-6.886,1,0.0693,85.652,3,0.72
47,adventure,Sweet Disposition,The Temper Trap,0RJBK9LayfZbJOM7mc7cgF,0.0781,0.531,0.816,0.187,7,0.115,-6.931,1,0.0432,129.103,4,0.325
48,adventure,Best Day Of My Life,American Authors,5Hroj5K7vLpIG4FNCRIjbP,0.0591,0.673,0.902,0.000262,2,0.0558,-2.392,1,0.0346,100.012,4,0.538
49,adventure,Adventure of a Lifetime,Coldplay,69uxyAqqPIsUyTO8txoP2M,0.00205,0.638,0.924,0.000175,7,0.149,-3.887,1,0.036,111.995,4,0.53
50,dystopia,My Tears Are Becoming A Sea,M83,1Fwj0wThn3kTg8D7KgWdsU,0.11,0.194,0.376,0.386,4,0.593,-11.356,1,0.0463,48.637,3,0.0723
51,dystopia,Skydiving,Lights,26fVjoeuhEAsAxmPzfTRIo,0.0218,0.696,0.721,0,10,0.288,-3.955,0,0.0733,109.972,4,0.461
52,dystopia,Run Boy Run,Woodkid,0boS4e6uXwp3zAvz1mLxZS,0.084,0.506,0.959,0.000655,5,0.135,-5.264,0,0.102,133.996,4,0.34
53,dystopia,War of Hearts,Ruelle,4vWeIrIQQrbThS11ogLTmu,0.0316,0.494,0.713,0.374,9,0.0602,-7.487,0,0.0776,147.959,3,0.257
54,dystopia,Everybody Wants To Rule The World - From “The Hunger Games: Catching Fire” Soundtrack,Various Artists,6zLq4lYSu2W7LLxJlUWzz8,0.593,0.574,0.569,0.000164,11,0.108,-9.289,0,0.0991,110.994,4,0.0604
55,dystopia,The Hanging Tree,James Newton Howard,416MsJxvxSKY96DCmbJIRs,0.344,0.213,0.0743,3.45E-05,9,0.212,-18.071,0,0.0408,53.863,4,0.145
56,dystopia,Guren no Yumiya,Linked Horizon,70p3HYq9iHZisJqpDmWd1U,0.0232,0.455,0.952,5.65E-05,1,0.0662,-6.382,0,0.0787,90.365,4,0.332
57,dystopia,unravel,TK from Ling tosite sigure,5orAKrVdrk1kPtTa7zNvYL,0.0495,0.508,0.889,0,7,0.0984,-2.755,0,0.0862,135.014,4,0.332
58,light_academia,Experience,Various Artists,657XjY28KTNbkgkKxN4xtN,0.93,0.457,0.474,0.956,2,0.0679,-9.245,1,0.0324,92.404,4,0.0381
59,light_academia,"Dawn - From ""Pride & Prejudice"" Soundtrack",Various Artists,7LRAg8a4Q5PrPHSGBfng22,0.991,0.268,0.134,0.912,0,0.0807,-17.982,1,0.0488,166.989,4,0.0699
60,light_academia,Salamander Eyes,James Newton Howard,4w0sBSIgy945h7TZE0FUbc,0.983,0.172,0.0406,0.985,2,0.0703,-24.294,1,0.0381,104.994,3,0.0371
61,light_academia,Saturn,Sleeping At Last,3tJjZMHLqhD8DaGgdBICnc,0.638,0.263,0.237,0.305,3,0.109,-13.738,1,0.0344,73.024,4,0.0461
62,light_academia,"Wasteland, Baby!",Hozier,1HYnjKqSSHh1tdl2Hi57zH,0.612,0.427,0.407,0.386,2,0.109,-9.665,1,0.0382,168.844,4,0.244
63,light_academia,Mystery of Love,Various Artists,0MNNKSUU9OOQ8DSGWduw79,0.94,0.365,0.273,0.431,4,0.109,-16.526,0,0.038,132.285,5,0.238
64,light_academia,Rosyln,Various Artists,4k7x3QKrc3h3U0Viqk0uop,0.971,0.329,0.277,0.024,10,0.0971,-13.111,0,0.0302,159.719,3,0.121
65,gothic,Beautiful Crime,Tamer,4NZKQIAbpUPd0jn0CzvRpS,0.0666,0.437,0.76,5.31E-06,11,0.0773,-7.437,0,0.0482,169.996,4,0.377
66,gothic,Achilles Come Down,Gang of Youths,22TntnVO3lQNDR5nsvxGRs,0.435,0.223,0.523,0.283,0,0.225,-9.281,0,0.0466,179.83,3,0.15
67,gothic,"Moonlight Sonata (First Movement from Piano Sonata No. 14, Op. 27 No. 2)",Various Artists,7xfSCgVOkQJhVxnqzepATH,0.991,0.216,0.199,0.916,1,0.095,-20.583,0,0.044,178.876,3,0.339
68,gothic,Another Love,Tom Odell,7otCGmgp9h4CsR2LhwB6gt,0.695,0.445,0.537,1.60E-05,4,0.0941,-8.532,0,0.04,122.764,4,0.131
69,gothic,Lady in the Wall,Danny Knutelsky,6V46LfMpdJWfhDImW2JT7t,0.183,0.74,0.531,0.000632,9,0.117,-7.959,1,0.0469,120.017,5,0.479
70,gothic,Arsonist's Lullabye,Hozier,1UWhx0pFZccP4jdCIZsj7U,0.673,0.463,0.373,0.0745,6,0.118,-10.666,0,0.0362,64.831,4,0.184
71,gothic,Bird Song,Florence + The Machine,6EfZCB2wudriyD1vDjuAZ9,0.748,0.458,0.526,0.00022,0,0.186,-6.811,1,0.0656,119.871,4,0.253
72,gothic,Evil spirits seeking the Shikonnotama,Kaoru Wada,1JI9psoqJuAvUQqGUn6gKJ,0.00724,0.147,0.416,0.516,1,0.148,-12.927,0,0.0409,158.987,4,0.0336
73,epic,Home,Dotan,0ZUMBOzlwNXfVE4Z8lSrsd,0.0708,0.756,0.704,0.000103,4,0.0394,-8.93,0,0.0428,129.99,4,0.301
74,epic,Shippuu no gotoku,Kaoru Wada,6nDpNDwRckcKnv8iEpajA1,0.133,0.474,0.627,0.849,9,0.0938,-8.216,1,0.0328,135.793,4,0.479
75,epic,Preliator,Globus,6UarreObk00TgLO7HleEYj,0.104,0.343,0.948,0.00925,1,0.154,-4.721,1,0.0766,144.976,4,0.126
76,epic,Returns a King - Based Upon Themes by Elliot Goldenthal,Various Artists,1Cx4BHHSPutUiuvcr1vY79,0.717,0.141,0.503,0.0153,6,0.379,-8.824,0,0.0382,77.892,4,0.224
77,epic,Merchant Prince,Thomas Bergersen,0eS3M71hhN3qx8HAy72lQC,0.0243,0.36,0.816,0.917,1,0.107,-8.178,1,0.0685,100.084,4,0.172
78,epic,Moonlight Sonata - Epic Trailer Version,Hidden Citizens,3jqcJNacs1yDhtMk0wckxv,0.347,0.303,0.551,0.608,2,0.112,-8.745,0,0.042,149.94,3,0.159
79,epic,That City Of Light,Unapologetically Melodic,5e6g37Ez3Yl9DD5Lzekn13,0.0341,0.163,0.578,0.347,4,0.0967,-12.282,0,0.0438,108.469,4,0.0953
80,epic,Bleach - Invasion - Main Theme,Geek Music,1CXffruI5PpH4KCd2M7Vp5,0.554,0.587,0.541,0.987,5,0.409,-13.662,0,0.0356,119.955,4,0.232
81,epic,Nube Negra,Anime de Japan,0CFg32QX1Omtxx20kXhvml,0.81,0.425,0.548,0.883,7,0.113,-11.571,1,0.0429,117.945,4,0.302
82,epic,D-tecnoLife,UVERworld,3eyxh8xkW0X7k1FSHlAatt,0.0223,0.463,0.934,0,1,0.301,-3.566,0,0.141,168.005,4,0.649
83,epic,City of Rome,Jesper Kyd,4m5gJuQlo2byPHRQamL6dd,0.0925,0.412,0.187,0.853,9,0.0926,-14.164,0,0.03,74.028,4,0.0612
84,epic,unravel,TK from Ling tosite sigure,5orAKrVdrk1kPtTa7zNvYL,0.0495,0.508,0.889,0,7,0.0984,-2.755,0,0.0862,135.014,4,0.332
85,epic,Again (Full Metal),Otaku,3aLcJuAarDz0kzxcdSbAYc,0.468,0.74,0.222,0.918,4,0.0782,-18.576,0,0.0586,139.991,4,0.148
86,epic,Shinzo wo Sasageyo! - TV Size,Linked Horizon,27iksNpaur1CcH0w8703by,0.246,0.435,0.953,0,0,0.123,-5.327,1,0.0423,79.959,4,0.612
87,battle,The Final Battle,Lorne Balfe,00PqDQBmhtTT7x2DWruzA5,0.431,0.151,0.323,0.656,2,0.107,-13.725,0,0.0396,140.365,4,0.0369
88,battle,Clash,Marc Streitenfeld,0MEKVOZBNHfoD7Ex5k2j4Z,0.665,0.393,0.62,0.971,11,0.309,-12.365,0,0.049,147.85,4,0.103
89,battle,The Walls are Breached; The French Lose Hope,Trevor Morris,3x87uypJR7497bJidQJNnT,0.26,0.524,0.775,0.974,2,0.0793,-12.346,0,0.0426,94.121,4,0.108
90,battle,Chevaliers De Sangreal,Hans Zimmer,4VaOecssBTF02dO0n2u8BS,0.528,0.169,0.222,0.964,7,0.107,-15.954,0,0.0356,110.877,4,0.0397
91,battle,Leaving Caladan,Hans Zimmer,5glKprpzpGW5Pf4wB9gNPq,0.00126,0.33,0.481,0.789,7,0.106,-11.645,0,0.0352,120.456,3,0.036
92,battle,...Steel For Humans,Marcin Przybyłowicz,6NuT12xM2tDj64vJkmcsCw,0.165,0.357,0.789,0,10,0.101,-8.031,1,0.0435,69.781,4,0.566
93,battle,At War!,Marcin Przybyłowicz,0QEMA67GIanMItxiHsILxO,0.0285,0.508,0.701,3.21E-05,10,0.287,-8.873,1,0.0373,100.04,4,0.641
94,battle,Warriors On The Beach,James Newton Howard,0udtq3sZLerXwvHq4diyN3,0.0155,0.341,0.383,0.839,1,0.0897,-15.065,1,0.0344,94.051,4,0.037
95,battle,Attack on Titan,Hiroyuki Sawano,5IzZpz0vA73IIjqFPpXSXP,0.00182,0.54,0.608,0.76,2,0.106,-8.498,1,0.0508,125.01,4,0.0389
96,suspense,Cherry Tree,The National,1NUHxg3L7gEvXk4b7Oj93r,0.104,0.457,0.574,0.802,7,0.118,-7.828,0,0.0327,142.029,4,0.0699
97,suspense,Hunger of the Pine,alt-J,2mkv1b3dRFyiJ4Ybq31owf,0.785,0.6,0.413,0.0289,7,0.109,-9.572,1,0.0258,93.618,4,0.0741
98,suspense,Ripples in the Sand,Hans Zimmer,1gqCO3x2MO4KbQfN9pGUlH,0.115,0.116,0.245,0.895,7,0.0975,-17.58,1,0.0335,83.99,4,0.0363
99,suspense,Buffet Froid,Brian Reitzell,2gbrU8NMsUrOdCTJ53yH4M,0.247,0.206,0.231,0.85,11,0.0968,-24.597,0,0.0494,140.558,4,0.0381
100,suspense,Hot Seat,John Powell,3HxKGK3LiVk1TFq3GCEA4S,0.323,0.352,0.361,0.925,11,0.0831,-16.617,0,0.0621,120.154,4,0.059
101,suspense,The Picture Album,Jerry Goldsmith,3mRKzC7Tycb2O8Z4k3XrZP,0.86,0.201,0.101,0.748,8,0.123,-23.005,1,0.041,67.451,4,0.0306
102,suspense,The Storm,Richard Hartley,568iUWeGqw9CWkvLI5k0Hd,0.365,0.061,0.0974,0.818,7,0.151,-21.104,0,0.0407,57.663,4,0.0348
103,suspense,Tetsujin,Various Artists,7lnTzVtcGkEFwMHcw8MNjl,0.0372,0.352,0.86,0.731,5,0.0979,-7.89,0,0.0709,127.944,4,0.0571
104,dreamy,La Vie en rose,Édith Piaf,3lAun9V0YdTlCSIEXPvfsY,0.981,0.371,0.278,0,7,0.272,-8.596,0,0.0303,82.331,4,0.338
105,dreamy,Nap of a star,TOMORROW X TOGETHER,6JxNli46YwzPdPiHnEQUeC,0.407,0.626,0.451,1.12E-06,7,0.104,-9.062,1,0.0259,140.033,4,0.355
106,dreamy,Fallingforyou,The 1975,2TgxCUZdHFkPEVmFge1OSd,0.892,0.264,0.285,0.000471,1,0.344,-15.208,1,0.0385,84.825,4,0.0776
107,dreamy,Sparks,Coldplay,7D0RhFcb3CrfPuTJ0obrod,0.748,0.371,0.268,0.0517,1,0.104,-10.506,1,0.0281,102.617,3,0.165
108,dreamy,"Wasteland, Baby!",Hozier,1IbgYIuVwJsibCcT5GFYHy,0.612,0.427,0.407,0.386,2,0.109,-9.665,1,0.0382,168.844,4,0.244
109,dreamy,Vas,jagger finn,6S7o12almFeL57rbRvdY5l,0.918,0.514,0.424,0.849,0,0.126,-10.645,1,0.0282,71.114,4,0.416
110,dreamy,Heavenly,Cigarettes After Sex,6dwNcWigdxPUcqfz2zM6GL,0.628,0.539,0.431,0.653,8,0.11,-9.298,1,0.0249,105.156,4,0.122
111,elegant,Clair de lune from Suite bergamasque,"The Philadelphia Orchestra, Eugene Ormandy, The Philharmonia Orchestra, Andrew Davis, Juilliard String Quartet",0pHFAoFikRaLe6tUMbB9FT,0.92,0.0786,0.0656,0.933,1,0.0874,-23.031,1,0.0404,81.592,3,0.0359
112,elegant,"Für Elise, WoO 59",Ludwig van Beethoven,6MQAB3vorg90FA3tQpbYXK,0.994,0.303,0.108,0.877,9,0.0805,-27.433,0,0.0473,126.931,3,0.18
113,elegant,The Untold,Secession Studios,2YGckbcAmjxbiZbYVAz5UW,0.15,0.397,0.419,0.796,1,0.0681,-16.328,1,0.0508,119.995,4,0.0977
114,elegant,Jupiter Rising,Arelius,09GXY43KLwv7zNdI2LREhx,0.984,0.478,0.138,0.942,2,0.0851,-16.85,0,0.0666,116.594,4,0.282
115,elegant,"How can I love the heartbreak, you're the one I love",AKMU,0hqj5JBnFt1BHEz2UCFwrl,0.91,0.52,0.248,1.36E-06,5,0.118,-8.675,1,0.0355,129.214,4,0.228
116,elegant,You're The Reason 이 밤이 특별해진 건,Urban Zakapa,1lxC8oDMNaxfhhseIThJGg,0.542,0.339,0.238,4.72E-06,9,0.133,-7.432,1,0.0386,129.006,4,0.171
117,elegant,Baarish,Various Artists,6ABHr8kYCws5z6gC9Lwith,0.768,0.443,0.447,0,7,0.2,-7.895,0,0.0356,127.395,4,0.215
118,elegant,To Build A Home,The Cinematic Orchestra,54KFQB6N4pn926IUUYZGzK,0.885,0.264,0.122,0.349,9,0.094,-15.399,1,0.0349,148.658,4,0.0735
119,sensual,Don’t,Loco,6KyafpXji3NKMmlmSokT9Y,0.552,0.85,0.488,0,1,0.127,-7.052,1,0.0689,92.023,4,0.531
120,sensual,All Mine,PLAZA,2cLOhJv1hQQRLBf3eVJOHV,0.0928,0.716,0.342,0.00129,9,0.11,-7.9,0,0.0461,79.001,4,0.372
121,sensual,Streets,Doja Cat,60ynsPSSKe6O3sfwRnIBRf,0.21,0.749,0.463,0.0382,11,0.338,-8.433,1,0.0842,90.035,4,0.189
122,sensual,Twisted,Two Feet,4Zgo9uf4jURl7tjCBmUjy2,0.91,0.563,0.281,2.44E-05,11,0.243,-11.991,1,0.0643,135.305,3,0.384
123,sensual,love nwantiti (ah ah ah),CKay,2Xr1dTzJee307rmrkt8c0g,0.365,0.727,0.739,0.00137,8,0.161,-3.805,1,0.0411,93.005,4,0.533
124,sensual,Glory Box,Portishead,3Ty7OTBNSigGEpeW2PqcsC,0.177,0.51,0.434,0.516,1,0.0603,-10.004,1,0.0361,119.695,4,0.207
125,sensual,Outside,TENDER,6Zjw7NdXuLiwULHgyJ0Jk8,0.172,0.577,0.52,0.00167,3,0.098,-8.237,0,0.0376,74.952,4,0.432
126,sensual,wRoNg (feat. Kehlani),ZAYN,7iCeaYJSEdGWeFNTAEqUzJ,0.395,0.614,0.475,1.06E-06,7,0.265,-8.642,0,0.0362,99.968,4,0.422
127,sensual,Swim,Chase Atlantic,3M0lSi5WW79CXQamgSBIjx,0.27,0.666,0.542,0,8,0.0765,-6.429,1,0.0392,120.134,4,0.0771
128,ethereal,Staying,Koda,5G5ogjmnQxSQG9cskbNEse,0.97,0.267,0.244,0.314,4,0.0873,-14.014,0,0.0447,179.209,3,0.137
129,ethereal,The Last Stand,Koda,4q4Iau9NfuxYo36uQiVv02,0.026,0.297,0.429,0.263,11,0.0919,-9.811,0,0.0299,74.96,4,0.0359
130,ethereal,Saints,Echos,3BuFzaaIPQHAFqPubPzcIO,0.026,0.512,0.477,4.84E-05,2,0.11,-9.912,0,0.0311,120.04,4,0.174
131,ethereal,umbrellar,Dua Saleh,00PXRPuZFlM5dv1FeJa69J,0.557,0.293,0.85,0.0304,1,0.234,-6.05,1,0.066,129.634,4,0.367
132,ethereal,Neptune,Sleeping At Last,1RgiH5ucgoEWDKmGyA5drQ,0.23,0.602,0.371,0,9,0.0887,-11.575,0,0.0322,120.01,4,0.211
133,ethereal,Astronomical,SVRCINA,27z0lLzmteOnv7kN2DGmUp,0.921,0.213,0.294,8.78E-05,8,0.085,-13.155,0,0.037,198.901,4,0.112
134,ethereal,Paul's Dream,Hans Zimmer,1Qr17u2S9kNDzTeWAJCY5N,0.00494,0.184,0.222,0.776,7,0.093,-12.428,1,0.0391,114.592,3,0.0356
135,ethereal,Kikyo's Heart,Kaoru Wada,1CVfctMJ63tqZUC2VZqdMa,0.868,0.302,0.232,0.919,4,0.132,-13.759,0,0.0369,116.394,4,0.0377
136,tragedy,lovely (with Khalid),Billie Eilish,0u2P5u6lvoDfwTYjAADbn4,0.934,0.351,0.296,0,4,0.095,-10.109,0,0.0333,115.284,4,0.12
137,tragedy,Skyfall,Adele,6VObnIkLVruX4UVyxWhlqm,0.417,0.346,0.552,0,0,0.114,-6.864,0,0.0282,75.881,4,0.0789
138,tragedy,Can You Feel My Heart,Bring Me The Horizon,1PInWkBARsxLyouDqa2GtF,0.00272,0.235,0.86,0.0969,4,0.388,-2.842,0,0.0561,127.788,4,0.342
139,tragedy,exile (feat. Bon Iver),Taylor Swift,4pvb0WLRcMtbPGmtejJJ6y,0.778,0.298,0.38,5.62E-05,6,0.11,-8.426,1,0.0287,75.602,4,0.152
140,tragedy,Ecquid ad surdos nunc spargo carmina ?,Various Artists,7aBxPIMXWjcemfrslbqyA9,0.974,0.283,0.127,1.09E-06,4,0.103,-18.246,0,0.0405,135.55,3,0.145
141,tragedy,Another Love,Tom Odell,5FKnuwsKf7YFpmhA5Wnl0q,0.697,0.443,0.54,1.04E-05,4,0.102,-8.536,0,0.04,119.161,4,0.133
142,tragedy,Hiunno miko Kikyo,Kaoru Wada,2PYKNn068cvGI3Aqrzhn5V,0.947,0.234,0.18,0.218,4,0.181,-17.207,0,0.0438,119.95,4,0.107
143,tragedy,"Ae Dil Hai Mushkil Title Track (From ""Ae Dil Hai Mushkil"")",Pritam,79jYT83v4bMOWEgwjQxSx2,0.713,0.495,0.654,0,3,0.165,-6.639,0,0.0679,123.896,4,0.35
144,tragedy,The Secret History,The Chamber Orchestra Of London,0C1RaT1eyqvoeqskbaTg3E,0.893,0.228,0.22,0.171,3,0.119,-14.032,0,0.0357,123.69,4,0.0383
145,tragedy,Unfilled Empty Seat,Ha Yea Song,75rLEwEhMEy9UbIg7iA7ay,0.882,0.415,0.248,0,10,0.086,-7.348,0,0.0332,142.602,4,0.341
146,tragedy,Reminisce about All,ONEWE,3XZwNBKgscdvmBgHl12pib,0.757,0.445,0.373,1.65E-05,4,0.175,-7.657,1,0.0277,93.411,4,0.41
147,tragedy,Visions of Gideon,Various Artists,5c9qm0bMYawSyRNUTmUMs5,0.942,0.252,0.314,0.676,5,0.0892,-18.197,0,0.0407,75.056,4,0.2
148,tragedy,Bloodfest (From Mizumono),Brian Reitzell,7C8dJ4bWha4y0J1z5xuJMa,0.41,0.149,0.123,0.963,2,0.138,-24.336,1,0.0447,77.927,5,0.0321
149,sentimental,Beautiful memories,Kaoru Wada,4VJIS7iuc4hA6Aw5qSwvAF,0.981,0.443,0.0851,0.493,4,0.0933,-18.645,0,0.0364,119.946,4,0.0747
150,sentimental,Taijiya Sango,Kaoru Wada,75RJeZlyiKqlYk0s5pKPR6,0.872,0.354,0.241,0.966,9,0.118,-16.027,0,0.0363,99.964,1,0.101
151,sentimental,Wings,Birdy,2Kz5qeXifBxE0zmuoVchlM,0.0831,0.474,0.707,0,7,0.162,-4.534,1,0.0253,83.235,4,0.224
152,sentimental,Collapse,Vancouver Sleep Clinic,5r09ZUBR3ZPOAr0feB2j4G,0.592,0.681,0.208,0.00402,0,0.117,-14.483,0,0.0387,130.021,4,0.156
153,sentimental,Traveler's Serenade,Jane Leslie,1eCRwOFNJG8ax7bTBBECDd,0.99,0.288,0.0275,0.942,4,0.0803,-25.262,1,0.0389,74.629,4,0.24
154,sentimental,The Scientist,Coldplay,75JFxkI2RXiU7L9VXzMkle,0.731,0.557,0.442,1.46E-05,5,0.11,-7.224,1,0.0243,146.277,4,0.213
155,sentimental,Brokeback Mountain 3,Various Artists,3R5jAYJeAlKS7dxCLWpHNv,0.88,0.162,0.0725,0.848,7,0.084,-20.939,1,0.0384,76.209,5,0.0395
156,sentimental,tokyo,RM,4dF0mDPTlpjThf1mJyK83B,0.828,0.447,0.263,0.0049,5,0.118,-13.754,0,0.0342,147.161,4,0.0721
157,sentimental,Sorry,The Rose,7zmrZMinkTMJ2kZgM9Kqgp,0.471,0.388,0.642,0,10,0.306,-4.659,1,0.0337,173.61,4,0.402
158,sentimental,She's In The Rain,The Rose,2I0LNCqlQpAPJlwOEWaefE,0.379,0.507,0.533,0,3,0.0771,-4.396,1,0.0264,92.916,4,0.429
159,sentimental,Never Meant To Belong (Bleach Original Soundtrack),PianoDeuss,0lPVImvleVXxm3wMZ4by57,0.988,0.443,0.0474,0.678,9,0.102,-25.572,0,0.044,63.809,4,0.0374
160,urban,I can fly,Shiva,0zsOsqDGi0li2EYTFV15eO,0.0135,0.882,0.736,0,8,0.123,-6.814,0,0.318,139.993,4,0.703
161,urban,Phone,Mickey Singh,6MRuNaMaH65vGyek33fXMV,0.127,0.448,0.693,2.02E-06,5,0.0815,-5.425,0,0.0764,91.561,4,0.55
162,urban,Hove Mere Naal,The PropheC,7Le0iFjogJUWzKpHSTZ11q,0.184,0.737,0.489,0,0,0.167,-7.791,0,0.0522,140.018,4,0.788
163,urban,Blinding Lights,The Weeknd,0djfvA3c8AxxlQolu6zn6K,0.00154,0.513,0.726,0.000138,1,0.0884,-5.958,1,0.0597,171.005,4,0.332
164,urban,Sunflower - Spider-Man: Into the Spider-Verse,Post Malone,0RiRZpuVRbi7oqRdSMwhQY,0.533,0.755,0.522,0,2,0.0685,-4.368,1,0.0575,89.96,4,0.925
165,urban,What's Up Danger (with Black Caviar),Various Artists,5zsHmE2gO3RefVsPyw2e3T,0.00363,0.701,0.755,0.000795,2,0.121,-5.82,1,0.0417,95.036,4,0.116
166,urban,Carrollton,$uicideboy$,2XSrt1dcuOXPgl3B4bxmBz,0.00225,0.848,0.52,0.000799,5,0.679,-10.663,0,0.501,149.996,4,0.304
167,urban,Kage,Exyz,61JIqvw8uxHqdmWfUDAWEU,0.000618,0.657,0.855,0.843,1,0.0752,-5.148,1,0.0569,89.996,4,0.199
168,urban,Rakuen,Indigo la End,19xIkK0geTHrEkeBiQMDL1,0.000896,0.5,0.751,0.219,6,0.0953,-5.382,1,0.0394,147.991,4,0.605
169,urban,MOVIE SHOOT (Feat. DPR LIVE),Loco,6sHeshKZ58cV5mjC5m3mW8,0.123,0.873,0.662,0,9,0.119,-4.492,1,0.19,115.045,4,0.545
170,romance,Die For You (feat. Dominic Fike),Justin Bieber,7aely3H8kMj9o0gt6vXHE1,0.00196,0.728,0.629,1.94E-06,1,0.0847,-6.629,1,0.0318,135.031,4,0.71
171,romance,Arcade,Duncan Laurence,1Xi84slp6FryDSCbzq4UCD,0.818,0.45,0.329,0.00109,9,0.135,-12.603,0,0.0441,71.884,3,0.266
172,romance,Falling Apart,Michael Schulte,0aIW3ekrhK1eh3BYCh11op,0.824,0.543,0.333,3.87E-06,7,0.168,-9.355,0,0.0272,109.789,4,0.261
173,romance,Love In The Dark,Adele,7B5Npv8NjjTCzk8PLpU66h,0.528,0.331,0.341,0,9,0.109,-6.057,0,0.0309,109.821,4,0.152
174,romance,If You Love Me,Melody Gardot,7i9RIEuPvpQ8NtfI0dSJeK,0.869,0.235,0.213,0.0938,0,0.1,-14.154,0,0.0358,181.897,3,0.134
175,romance,Cherry,Harry Styles,2IOFZdYYkFxEHVz1w34PoL,0.615,0.53,0.512,0.00453,7,0.129,-9.261,1,0.0259,95.946,4,0.411
176,romance,Can't Help Falling in Love,Elvis Presley,44AyOl4qVkzS48vBsbNXaC,0.941,0.396,0.293,0.000196,2,0.105,-14.062,1,0.0275,100.307,3,0.343
177,romance,Can't Take My Eyes Off You,Andy Williams,2eIk5ky8THuVeQg5Z5eVav,0.419,0.635,0.37,3.05E-05,0,0.652,-12.123,1,0.0359,124.439,4,0.661
178,romance,Falling Like The Stars,James Arthur,15xWRPHQMeqgdkGzInx3PY,0.823,0.296,0.351,1.45E-06,6,0.11,-9.538,1,0.0352,177.06,3,0.19
179,romance,A Thousand Years,Christina Perri,6lanRgr6wXibZr8KgzXxBl,0.309,0.421,0.407,0.000961,10,0.11,-7.445,1,0.0267,139.028,3,0.161
180,romance,Gravity,Sara Bareilles,4oa14QBfWRDfJy2agySy0L,0.834,0.27,0.275,0,0,0.146,-10.357,1,0.0356,168.964,4,0.231
181,romance,Best Part (feat. H.E.R.),Daniel Caesar,1RMJOxR6GRPsBHL8qeC2ux,0.808,0.524,0.364,0,7,0.1,-10.209,1,0.0367,75.24,4,0.436
182,romance,Love Someone,Jason Mraz,5HgYrY0MHqt5Iwd2aRR0xh,0.306,0.579,0.363,0.00692,7,0.111,-14.185,1,0.0308,97.955,4,0.0754
183,romance,打上花火,Daoko,4IouQaO9GkaHC7AtMErdSa,0.288,0.625,0.668,0,6,0.107,-4.315,1,0.0249,95.968,4,0.292
184,slice_of_life,靴の花火,ヨルシカ,5mOOwyOGev9frlXm5NDEQy,0.062,0.719,0.677,0.00794,7,0.168,-5.2,1,0.0321,119.996,4,0.746
185,slice_of_life,Ride on Shooting Star,the pillows,0pj90Ajg2NmdZalF67DfOF,0.00474,0.527,0.951,4.22E-06,2,0.378,-3.059,1,0.0733,138.25,4,0.331
186,slice_of_life,Discovery,AK,5bO33fxvcGqZp7Pw3zIQsj,0.902,0.576,0.324,0.924,1,0.101,-12.885,0,0.0381,155.05,4,0.132
187,slice_of_life,Rain - Long Ver.,Motohiro Hata,0I0l2Oo5zjpCEphpDJL0Pm,0.343,0.588,0.604,6.86E-05,9,0.252,-7.602,1,0.024,92.02,4,0.351
188,slice_of_life,striptease,carwash,17s9ohMleXceK8Qobgl8Zd,0.127,0.693,0.572,0.953,8,0.102,-8.89,1,0.0746,130.048,4,0.732
189,slice_of_life,Superstar Sh*t,Dominic Fike,20j7l6tFtc5lynXpbOQg1O,0.945,0.756,0.394,0.0371,4,0.12,-7.321,0,0.0956,70.027,4,0.197
190,slice_of_life,always,keshi,26dXOkhzMxLLNaUXt77HQc,0.539,0.629,0.495,0.000231,9,0.0326,-6.86,1,0.103,89.773,4,0.548
191,slice_of_life,Life Goes On,Oliver Tree,0eu4C55hL6x29mmeAjytzC,0.186,0.7,0.49,0,0,0.117,-5.187,1,0.076,79.982,4,0.569
192,slice_of_life,Strawberries & Cigarettes,Troye Sivan,3afkJSKX0EAMsJXTZnDXXJ,0.162,0.578,0.537,0,9,0.076,-8.676,1,0.0832,83.909,4,0.25
193,coming_of_age,Ribs,Lorde,2MvvoeRt8NcOXWESkxWn3g,0.534,0.511,0.472,0.614,4,0.11,-9.277,1,0.091,127.978,4,0.0399
194,coming_of_age,Kids,Current Joys,6ixkZ2Q9gQeh52C6GxbETg,0.508,0.827,0.66,0.403,6,0.0756,-9.669,1,0.0337,113.449,4,0.904
195,coming_of_age,Everybody Wants To Rule The World,Tears For Fears,4RvWPyQ5RL0ao9LPZeSouE,0.347,0.645,0.795,0.00389,7,0.104,-12.095,1,0.0527,112.067,4,0.535
196,coming_of_age,Tongue Tied,Grouplove,0GO8y8jQk1PkHzS31d699N,0.00847,0.56,0.936,0,3,0.161,-5.835,1,0.0439,112.96,4,0.371
197,coming_of_age,It's Not Living (If It's Not With You),The 1975,3TgMcrV32NUKjEG2ujn9eh,0.000254,0.618,0.837,0.000378,1,0.0618,-5.338,1,0.0304,121.227,4,0.526
198,coming_of_age,Hard Times,Paramore,0w5Bdu51Ka25Pf3hojsKHh,0.00647,0.695,0.818,4.87E-06,5,0.0219,-5.379,0,0.0334,119.965,4,0.916
199,coming_of_age,Generation Why,Conan Gray,79e2GU4RLPjAqnijfvsXYr,0.347,0.561,0.684,2.93E-06,9,0.122,-8.235,1,0.0669,81.977,4,0.528
200,coming_of_age,Death Of A Strawberry,Dance Gavin Dance,0ZcQUwVyXgpUepJsvgOYgk,0.0297,0.576,0.955,0,4,0.054,-3.122,1,0.0458,124.972,4,0.752
201,coming_of_age,Aaj Kal Zindagi,Shankar-Ehsaan-Loy,4MnDLNhqL6HuSzFO4b4rvJ,0.21,0.639,0.617,0.00558,4,0.099,-8.897,1,0.0329,134.95,4,0.405
202,coming_of_age,Undercover Martyn,Two Door Cinema Club,0Hrd6CSafHHqKptyFppmqH,0.00025,0.442,0.872,1.74E-05,2,0.0602,-5.072,1,0.123,159.867,4,0.568
203,cyberpunk,Lost Umbrella,稲葉曇,2zAi85TQB7mLzl8P1ySAj9,0.0408,0.721,0.918,2.45E-05,10,0.233,-3.347,1,0.0678,137.03,4,0.965
204,cyberpunk,Bad Apple!! feat.nomico,Alstroemeria Records,57JRZbE80MLsYbmb24cPee,1.63E-05,0.487,0.753,0.000715,1,0.0977,-3.184,0,0.031,138.009,4,0.245
205,cyberpunk,Star Eater,Various Artists,018SQDupRTRsl1Wolu1X0c,0.618,0.577,0.555,0.866,2,0.116,-9.045,1,0.0598,189.97,3,0.147
206,cyberpunk,0:59,Danger,1r5zaKfwOz92HaXXLExw7u,0.0342,0.872,0.384,0.852,10,0.112,-7.517,0,0.0623,132.027,4,0.455
207,cyberpunk,Flux,Shortwire,6Ylxg3Xx9H3XqYrXGW5VKX,0.208,0.565,0.796,0.918,2,0.0603,-11.043,1,0.0469,100.011,4,0.0341
208,cyberpunk,Not of This World,Dynatron,7a0FMMOewudf9673dtW0zf,0.000409,0.589,0.908,0.913,9,0.0728,-5.97,0,0.043,112.067,4,0.495
209,cyberpunk,Hide and Seek,Imogen Heap,7mMlbJlXXo2mRtQ4R9sIzD,0.909,0.451,0.166,0,9,0.19,-11.125,1,0.0696,121.123,4,0.0901
210,cyberpunk,Kagerou Days,Jin,6c6fQ8k4yIUnLJEPy7zj3z,0.000838,0.585,0.918,0.0893,11,0.166,-3.132,0,0.0482,99.986,4,0.966
211,cyberpunk,Fire Dance,Mersiv,3IICGfnISboAKaSudbZqPk,0.00604,0.487,0.925,1.05E-06,11,0.414,-3.755,0,0.306,140.149,4,0.5
212,supernatural,Horns,Bryce Fox,49qEikVVPd6PgH6S2pbXjZ,0.081,0.49,0.753,2.85E-06,6,0.268,-5.411,1,0.238,156.241,4,0.325
213,supernatural,Glory And Gore,Lorde,60jI0JgMLLj1VggHJVhtRs,0.285,0.689,0.377,0,1,0.268,-8.761,1,0.0397,143.946,4,0.294
214,supernatural,Seven Devils,Florence + The Machine,5qaLfqAUiqvsoL0l4T05Yx,0.00913,0.368,0.781,0.000308,9,0.0477,-5.6,0,0.0379,58.534,4,0.211
215,supernatural,Don't Fear the Reaper,The Spiritual Machines,6uSdrEiGAARej0o6Noi5Cx,0.201,0.344,0.535,0.00402,9,0.0851,-9.301,0,0.0396,89.986,4,0.0983
216,supernatural,Hedwig's Theme,John Williams,1n8NKQRg8LVHy7oUhUgbFF,0.897,0.156,0.162,0.691,2,0.111,-17.101,0,0.036,73.407,4,0.077
217,supernatural,Fire Temple,Bobby Krlic,3gW27yBKGV7eC4XWzZLnn7,0.258,0.169,0.264,0.919,6,0.0643,-10.808,1,0.0423,113.302,3,0.0307
218,supernatural,Antipasto,Brian Reitzell,4qFJ2lSwXMDXk0zd92iFsQ,0.381,0.13,0.194,0.792,7,0.11,-16.157,1,0.035,98.391,3,0.0394
219,supernatural,Coquilles,Brian Reitzell,56xv2AYPZj746eVaSPgq5i,0.554,0.0785,0.0381,0.845,2,0.104,-25.835,0,0.0464,172.122,4,0.0268
220,supernatural,Soul Intro,Fxcklosbicos,0a6dYP49uFEAHe15tIXZU2,0.953,0.149,0.0792,0.986,4,0.124,-31.67,0,0.0346,64.113,3,0.195
221,eccentric,Choke,I DONT KNOW HOW BUT THEY FOUND ME,37mfTcSlX60JtAvAETytGs,0.00139,0.516,0.85,0,4,0.296,-3.909,0,0.0706,120.324,4,0.583
222,eccentric,Supermassive Black Hole,Muse,3lPr8ghNDBLc2uZovNyLs9,0.0492,0.668,0.921,0.00517,7,0.0877,-3.727,1,0.0439,120,4,0.782
223,eccentric,Losemyhead,littleDEATH,6OMYrlY0ioFeC0y3SUjNLp,0.00173,0.551,0.907,0,7,0.206,-4.839,0,0.0689,147.955,4,0.933
224,eccentric,Little Dark Age,MGMT,2Y0iGXY6m6immVb2ktbseM,0.0102,0.705,0.712,0.000855,6,0.1,-6.156,1,0.0385,97.512,4,0.62
225,eccentric,Reality,Steel City Band,5iDp87PwrUT0tgCReHVdOV,0.153,0.553,0.816,0.00639,11,0.149,-6.296,0,0.0817,126.323,4,0.836
226,eccentric,Don't Know What To Do,The Edsels,2x5r1IvquyZ2pu36HyoutB,0.635,0.645,0.688,0.00183,0,0.0993,-6.196,1,0.0308,100.233,4,0.965
227,eccentric,MONTERO (Call Me By Your Name),Lil Nas X,67BtfxlNbhBmCDR2L2l8qd,0.297,0.61,0.508,0,8,0.384,-6.682,0,0.152,178.818,4,0.758
228,eccentric,Come Here,Dominic Fike,3Wgs96Z4TdCpnqFj2CxpsI,0.0021,0.497,0.789,0.000528,6,0.28,-0.947,1,0.0809,81.154,4,0.459
229,eccentric,Silvertongue,Young the Giant,0yTJtxZJ5VLfBEHhiNUNeY,0.00975,0.673,0.789,0,0,0.752,-4.288,1,0.0408,100.043,4,0.841